{
  "selected": "rf",
  "by_model": {
    "logreg": {
      "auroc": 0.8690476190476191,
      "ap": 0.8816877171578199,
      "precision": 0.7692307692307693,
      "recall": 0.9090909090909091,
      "f1": 0.8333333333333334,
      "accuracy": 0.8032786885245902
    },
    "rf": {
      "auroc": 0.9063852813852814,
      "ap": 0.917693153964307,
      "precision": 0.7619047619047619,
      "recall": 0.9696969696969697,
      "f1": 0.8533333333333334,
      "accuracy": 0.819672131147541
    },
    "gb": {
      "auroc": 0.8787878787878788,
      "ap": 0.8809751547222024,
      "precision": 0.7894736842105263,
      "recall": 0.9090909090909091,
      "f1": 0.8450704225352113,
      "accuracy": 0.819672131147541
    },
    "xgb": {
      "auroc": 0.8582251082251082,
      "ap": 0.8758764641231833,
      "precision": 0.7631578947368421,
      "recall": 0.8787878787878788,
      "f1": 0.8169014084507042,
      "accuracy": 0.7868852459016393
    }
  },
  "schema": {
    "numeric": [
      "age",
      "sex",
      "cp",
      "trestbps",
      "chol",
      "fbs",
      "restecg",
      "thalach",
      "exang",
      "oldpeak",
      "slope",
      "ca",
      "thal"
    ],
    "categorical": [],
    "all_features": [
      "age",
      "sex",
      "cp",
      "trestbps",
      "chol",
      "fbs",
      "restecg",
      "thalach",
      "exang",
      "oldpeak",
      "slope",
      "ca",
      "thal"
    ],
    "target": "target"
  }
}